{
	"ambient": {
		"x": 0.10000000149011612,
		"y": 0.10000000149011612,
		"z": 0.10000000149011612
	},
	"default_material": "null",
	"lights": [
		{
			"color": {
				"x": 1.0,
				"y": 1.0,
				"z": 0.6000000238418579
			},
			"position": {
				"x": 15.0,
				"y": 15.0,
				"z": 25.0
			},
			"range": 3000.0
		},
		{
			"color": {
				"x": 1.0,
				"y": 0.6000000238418579,
				"z": 0.0
			},
			"position": {
				"x": 0.0,
				"y": 0.0,
				"z": 10.0
			},
			"range": 100.0
		}
	],
	"main_camera": "1808c892-34b6-d842-bbe2-2d13c898b2ff",
	"objects": [
		{
			"children": [],
			"components": {
				"Gameplay::Camera": {
					"clear_color": {
						"w": -431602080.0,
						"x": -431602080.0,
						"y": -431602080.0,
						"z": -431602080.0
					},
					"enabled": true,
					"far_plane": 1000.0,
					"fov_radians": 1.5707963705062866,
					"guid": "1808c892-34b6-d842-bbe2-2d13c898b2ff",
					"near_plane": 0.10000000149011612,
					"ortho_enabled": false,
					"ortho_size": 10.0
				},
				"SimpleCameraControl": {
					"enabled": true,
					"guid": "c4644160-15a0-7240-8ec5-cbdd5f50784f",
					"mouse_sensitivity": {
						"x": 0.5,
						"y": 0.30000001192092896
					},
					"move_speed": {
						"x": 10.0,
						"y": 10.0,
						"z": 10.0
					},
					"shift_mult": 2.0
				}
			},
			"guid": "0da37393-7b92-0842-84ca-762e316a4c89",
			"hide_in_inspector": false,
			"name": "Main Camera",
			"parent": "null",
			"position": {
				"x": -9.0,
				"y": -6.0,
				"z": 15.0
			},
			"rotation": {
				"w": 0.8390066623687744,
				"x": 0.27095746994018555,
				"y": -0.1450120359659195,
				"z": -0.44902271032333374
			},
			"scale": {
				"x": 1.0,
				"y": 1.0,
				"z": 1.0
			}
		},
		{
			"children": [],
			"components": {
				"Gameplay::Physics::RigidBody": {
					"angular_damping": 0.004999999888241291,
					"colliders": [
						{
							"extents": {
								"x": 50.0,
								"y": 50.0,
								"z": 1.0
							},
							"guid": "d7f8ebe9-1ef7-f14e-8f04-396c77ea2dec",
							"position": {
								"x": 0.0,
								"y": 0.0,
								"z": -1.0
							},
							"rotation": {
								"x": 0.0,
								"y": 0.0,
								"z": 0.0
							},
							"scale": {
								"x": 1.0,
								"y": 1.0,
								"z": 1.0
							},
							"type": "Box"
						}
					],
					"enabled": true,
					"group": 1,
					"guid": "21ad05e0-de5e-c84d-9c83-bf31c6827268",
					"linear_damping": 0.0,
					"mask": -1,
					"mass": 1.0,
					"type": "Static"
				},
				"RenderComponent": {
					"enabled": true,
					"guid": "e8e44160-81fe-844c-9fab-0e4bd3fa8c0b",
					"material": "4699d035-6a0d-354c-b360-3ab27087b019",
					"mesh": "9fafcf82-ac44-a549-99b9-d2056695d364"
				}
			},
			"guid": "76e44513-5c9f-2049-8281-1b69a4c28dc1",
			"hide_in_inspector": false,
			"name": "Plane",
			"parent": "null",
			"position": {
				"x": 0.0,
				"y": 0.0,
				"z": 0.0
			},
			"rotation": {
				"w": 1.0,
				"x": 0.0,
				"y": 0.0,
				"z": 0.0
			},
			"scale": {
				"x": 1.0,
				"y": 1.0,
				"z": 1.0
			}
		},
		{
			"children": [],
			"components": {
				"Gameplay::Physics::RigidBody": {
					"angular_damping": 0.004999999888241291,
					"colliders": [],
					"enabled": true,
					"group": 1,
					"guid": "a0849d36-e3f0-ed46-a57a-4635cbd978f8",
					"linear_damping": 0.0,
					"mask": -1,
					"mass": 1.0,
					"type": "Static"
				},
				"RenderComponent": {
					"enabled": true,
					"guid": "c14dac1e-d81c-754c-9c89-4a399c23a85a",
					"material": "e6ce45e8-0f3f-594f-9b29-6390d071e555",
					"mesh": "0ecd75f6-f97e-154f-8bb2-abc42db39a73"
				}
			},
			"guid": "5a2d77d8-3a50-e44b-82dd-b99297f061fa",
			"hide_in_inspector": false,
			"name": "Cactus",
			"parent": "null",
			"position": {
				"x": 0.0,
				"y": 0.0,
				"z": -0.10000000149011612
			},
			"rotation": {
				"w": 0.7071067690849304,
				"x": 0.7071067690849304,
				"y": 0.0,
				"z": 0.0
			},
			"scale": {
				"x": 1.0,
				"y": 1.0,
				"z": 1.0
			}
		},
		{
			"children": [],
			"components": {
				"Gameplay::Physics::RigidBody": {
					"angular_damping": 0.004999999888241291,
					"colliders": [],
					"enabled": true,
					"group": 1,
					"guid": "f5ba89fb-930e-b441-afc3-2ed8c1effe1c",
					"linear_damping": 0.0,
					"mask": -1,
					"mass": 1.0,
					"type": "Static"
				},
				"RenderComponent": {
					"enabled": true,
					"guid": "cd7cddb4-1b3b-8749-aff5-e0635a10958a",
					"material": "e6ce45e8-0f3f-594f-9b29-6390d071e555",
					"mesh": "0ecd75f6-f97e-154f-8bb2-abc42db39a73"
				}
			},
			"guid": "00c557f0-c8cf-984d-ab84-bc896f0b984d",
			"hide_in_inspector": false,
			"name": "Cactus2",
			"parent": "null",
			"position": {
				"x": -6.0,
				"y": 3.5999999046325684,
				"z": -0.10000000149011612
			},
			"rotation": {
				"w": 0.6313679814338684,
				"x": 0.5662464499473572,
				"y": 0.45237284898757935,
				"z": 0.2758590579032898
			},
			"scale": {
				"x": 1.0,
				"y": 1.5,
				"z": 1.0
			}
		},
		{
			"children": [],
			"components": {
				"Gameplay::Physics::RigidBody": {
					"angular_damping": 0.004999999888241291,
					"colliders": [],
					"enabled": true,
					"group": 1,
					"guid": "967efb8b-7cf4-a341-a4b4-12c4c3f1347c",
					"linear_damping": 0.0,
					"mask": -1,
					"mass": 1.0,
					"type": "Static"
				},
				"RenderComponent": {
					"enabled": true,
					"guid": "d3569bdd-393a-a84b-8156-b81e72671008",
					"material": "9d245f92-52f0-8343-98ec-e3061a3d96ac",
					"mesh": "79a66b8b-0ea1-ce40-8abc-ee8ad41c7113"
				}
			},
			"guid": "c8a2bb7f-5223-7f44-aed2-7cb3f64e3beb",
			"hide_in_inspector": false,
			"name": "BallCactusSmall",
			"parent": "null",
			"position": {
				"x": 0.0,
				"y": 0.0,
				"z": -0.10000000149011612
			},
			"rotation": {
				"w": 0.7071067690849304,
				"x": 0.7071067690849304,
				"y": 0.0,
				"z": 0.0
			},
			"scale": {
				"x": 1.0,
				"y": 1.0,
				"z": 1.0
			}
		},
		{
			"children": [],
			"components": {
				"Gameplay::Physics::RigidBody": {
					"angular_damping": 0.004999999888241291,
					"colliders": [],
					"enabled": true,
					"group": 1,
					"guid": "699d466f-67c3-154c-9f81-ed543182f9c0",
					"linear_damping": 0.0,
					"mask": -1,
					"mass": 1.0,
					"type": "Static"
				},
				"RenderComponent": {
					"enabled": true,
					"guid": "0071cb26-2282-df46-9ca7-7e92c01984a6",
					"material": "9d245f92-52f0-8343-98ec-e3061a3d96ac",
					"mesh": "79a66b8b-0ea1-ce40-8abc-ee8ad41c7113"
				}
			},
			"guid": "3a986325-68ac-2b47-a5a0-72af7244323c",
			"hide_in_inspector": false,
			"name": "BallCactusSmall2",
			"parent": "null",
			"position": {
				"x": -12.199999809265137,
				"y": -5.900000095367432,
				"z": -0.30000001192092896
			},
			"rotation": {
				"w": 0.7071067690849304,
				"x": 0.7071067690849304,
				"y": 0.0,
				"z": 0.0
			},
			"scale": {
				"x": 2.299999952316284,
				"y": 2.9000000953674316,
				"z": 1.899999976158142
			}
		},
		{
			"children": [],
			"components": {
				"Gameplay::Physics::RigidBody": {
					"angular_damping": 0.004999999888241291,
					"colliders": [],
					"enabled": true,
					"group": 1,
					"guid": "23fc5c6a-c176-074a-a158-3a7ddaa97f43",
					"linear_damping": 0.0,
					"mask": -1,
					"mass": 1.0,
					"type": "Static"
				},
				"RenderComponent": {
					"enabled": true,
					"guid": "bf7d38ee-75c9-a24f-9e53-7924b8790ddd",
					"material": "9d245f92-52f0-8343-98ec-e3061a3d96ac",
					"mesh": "6b6b5216-526e-ef4b-a332-a15e718a589e"
				}
			},
			"guid": "f0e227a2-e53d-a94e-bb2e-03f5855bd2c0",
			"hide_in_inspector": false,
			"name": "BallCactusBig",
			"parent": "null",
			"position": {
				"x": 0.0,
				"y": 0.0,
				"z": -0.10000000149011612
			},
			"rotation": {
				"w": 0.7071067690849304,
				"x": 0.7071067690849304,
				"y": 0.0,
				"z": 0.0
			},
			"scale": {
				"x": 1.0,
				"y": 1.0,
				"z": 1.0
			}
		},
		{
			"children": [],
			"components": {
				"Gameplay::Physics::RigidBody": {
					"angular_damping": 0.004999999888241291,
					"colliders": [],
					"enabled": true,